id;label
UgwkaAcpUhAUuF5yPJp4AaABAg.A7xgYpP5NM-A8-qVVZUSeQ;2
UgzHvRO2q55ArQqtqmB4AaABAg.A7bkSWOHK3DAGQAMNQ2Etd;2
UgxiuZ33IDEaAkAEUih4AaABAg.A91ZqHkThCCA96HXB1prCL;0
UgzpqAHiqS6AY7y1ujR4AaABAg.A4e9ExK-4gvA4vnJ0YItlx;2
UgxQreE881M_s1dUJdx4AaABAg.A6lr9yq8mThA6mE2rvg0I0;1
UgysVGzhFQoHBhC62-B4AaABAg.A7cM-l7Jw0oA7cRrqDTCmZ;0
Ugx73mVwSeRW_tWmVeB4AaABAg.A935A00ruYUA94yXSXz6M7;1
UgzPnSAg3pQ3FPwyPrR4AaABAg.A4ii6-Y-edjA4j8JsE0Fzm;2
Ugw7qJLZ_v5VE6VHP2h4AaABAg.A91ysjoxzWTA92daA75hWn;1
UgzplbMm1dr_xCDBXI14AaABAg.A7wXVa4fHtkA7xboegmVx0;2
UgyZeQtiQY2K7YeWwkV4AaABAg.A9J5E4s8NqeA9LkehBqQll;0
UgzWGSQLHzt51PKxMY14AaABAg.A7Nk2vxu26IA7Oy2hR6w_I;2
UgzwCM6M36d-8aE62Yd4AaABAg.AAgH3xz97ydAAtoScc3JVp;1
UgyWBtCLOdpF7UwRlDx4AaABAg.A5D5AJRAhzQA5ocV2tFhQS;2
UgwOc-5dGktfqEhSnsZ4AaABAg.A9dDGvb-neLA9dJvqGyco5;2
Ugx_Lr3sbcLVLt6ZBdh4AaABAg.A9JWdzRXJt-AABK-ds-e5F;1
Ugz2wu7IMKSeh196nxB4AaABAg.A7w2fr_-YWXA7wXaxbD2Nl;2
UgwVY3jhxYDFB8X5e3t4AaABAg.A9eO6VxVivqA9g5sQmP_Rm;0
Ugz9tlIRNDTnAOo2v3V4AaABAg.A7bkjdao_MeA7bnneVqlc7;2
Ugy-J1J2iHN7puar8F54AaABAg.A9Ig5ZXyMpJAADjmDhi2bB;2
UgxbgRtChVvTelCewex4AaABAg.A91D5V-r7xXA91auN0toT3;1
UgxJh53Y_crGQK1kTIt4AaABAg.A7we7AmnkaTA7x3owBDHaY;2
UgyfS6fkBg-XRuNJolZ4AaABAg.AA9ghY3zF-GAAc2hHD58rh;0
Ugy8J0HmcjEQwvDsLnN4AaABAg.A4vakrRUTnnA5KSkNozf1K;1
Ugy84X_leqFyz9oBuKV4AaABAg.A9JgYEE2qoOA9KISI2mPma;0
UgybKuLt27mgQLL4D_x4AaABAg;0
Ugw__rqpotClpcWLWLp4AaABAg.A7w1t_qBEy7A7zzdp6Hzpd;2
UgyVjtGSe0PEoWjoeax4AaABAg.A6nld0cfRPLA6o2r5qrF8B;1
UgwQMmexm1xNGLb6-Nd4AaABAg.A9IfhOcRU7FA9Nx0qhSr83;0
UgzIf_F9hvEmggWAS7x4AaABAg.A7OWrTsrO-cA7SmFXzkjT-;2
UgzhlAyrKS5rxen9yTt4AaABAg.A91Uccf13y-A92DQY_mcLu;2
UgxVzzv2Kg--LVWsrNp4AaABAg.A6lqxjV0m2DA6ppS63VRCp;2
Ugy2puY3isgAiUI3rap4AaABAg.A6m4KBrd2PCA6pzDlPkH9t;2
UgxVcxRnmyNz2nptRvp4AaABAg.A9J02McNME-A9NruGASsyx;0
Ugy3DTIeANfs1ujwwnN4AaABAg.A915vAOQx0tA91PLoUFsqJ;2
UgyZGkwqGgUDERzw53J4AaABAg.A91ybMG8MleA93JRC7Q9YF;1
UgzNjOauU5AMdYszArB4AaABAg;0
Ugy0ExQ0_uk9pT5pqaF4AaABAg.A9IV0iHLJKXA9IfYKind2G;0
Ugxh9I4qxARdI5-OBd14AaABAg.A4e5CcTBIReA4eF2mX3NlO;2
UgyybVCQ3XU5T6QDcBR4AaABAg.A9ILEuCGHICA9LG5Gb0Qr8;2
UgzplbMm1dr_xCDBXI14AaABAg.A7wXVa4fHtkA7zlk69zuMA;2
UgyzkcUtuHYkcAucZQx4AaABAg.A7QHxaYNer6AABf9fAznri;0
UgyfS6fkBg-XRuNJolZ4AaABAg.AA9ghY3zF-GACubaEiJetp;1
Ugy0ExQ0_uk9pT5pqaF4AaABAg.A9IV0iHLJKXA9JBCDxiqN0;2
Ugzr2IOyuLY0qGI5Y6x4AaABAg.A4vXGM6DxayA4xN-i3o2IQ;2
UgxVcxRnmyNz2nptRvp4AaABAg.A9J02McNME-A9OjN3rpY3h;0
UgytISgFzE0EwmdNeSB4AaABAg.A91WjkZLADaA91WyGFS_F5;0
UgxjdoQGqTtRb7T0zkp4AaABAg.A7O41jUR1AqA7PyD9cDx1O;1
Ugy2l-yJR7BdIO786xl4AaABAg.A915gOhTfmTA91IcViqZbj;2
Ugwpr1XAu2DGt4vt-IJ4AaABAg.A7c5xKA5NfcA7gpFdMGiWE;1
Ugw__rqpotClpcWLWLp4AaABAg.A7w1t_qBEy7A7wuYiDTkjZ;2
UgzU1W02YD8gqnl7NOd4AaABAg.AA5DBpV8h5fAAHs99Q-cCl;0
UgyRHusDX0Ninmf6myB4AaABAg.A4jZ6abieTeA4nR6pjSWkb;2
UgwkaAcpUhAUuF5yPJp4AaABAg.A7xgYpP5NM-A7z2Mqty-RS;1
UgwW2Uzn3WB3aaCl8aZ4AaABAg.A916TUjbzJMA91sbvw95hg;0
UgyZeQtiQY2K7YeWwkV4AaABAg.A9J5E4s8NqeA9KvI7cFzvQ;1
UgyaE70XrkxL_DtdWFF4AaABAg.A9fIz871qq-A9idnERvrOA;1
UgxVcxRnmyNz2nptRvp4AaABAg.A9J02McNME-A9KgC_zUs4U;1
UgxVcxRnmyNz2nptRvp4AaABAg.A9J02McNME-A9Kf0CTbhcj;2
Ugw3RzjYsq6OmnpiWr14AaABAg.AAMM-dUqZ7MAAe-VS9j-Eo;2
Ugye5MCZchB0djHXCdN4AaABAg.A9IasGC0POpA9J4-pf72ZQ;2
UgxJud66yLXuEUTAItB4AaABAg.A7OKf6V14vHA7QpI9Vpmyz;2
Ugy1Lao_B6JVZdmCn9F4AaABAg.A7w2WYscwKqA7w83c5KHa1;0
UgyX-di2OuppXMkjg3N4AaABAg.A9dQ0ecsiU-A9eZU-6-8we;0
Ugxga5zmcP7beRhWqG14AaABAg.A91WaLWQJmiA91wVFOK_u7;0
Ugzt7RjLCnf6etXZiAV4AaABAg.A7w9zYym4fHA7x2tQqbZV7;2
UgzwfkRk3vb9C77xDRJ4AaABAg.A7OqhaZyH06A7XhPES0yaR;2
Ugwlccism2KrwKHDR7l4AaABAg.A6nm1Uqz85eA6o1VtxVcVP;0
UgwBklFqead8DQ6HsFN4AaABAg.A9dQBogGskAA9g0yKjOSCA;2
UgwpTLSlmgWmG2cOoxd4AaABAg.A7w3c7zkIpuA7wVNwBbGbH;0
UgwkaAcpUhAUuF5yPJp4AaABAg.A7xgYpP5NM-A7y6t1g8lBQ;0
UgwsFOn-dG87YfozOi54AaABAg.A9ROwuOlim1A9a-HwHZJSZ;2
UgyNOdH_QhTlHoFrwcl4AaABAg.A91HMGyGV1gA92WumuGMP1;0
Ugy1Lao_B6JVZdmCn9F4AaABAg.A7w2WYscwKqA7wDWFRTAQT;0
UgybtzzSiqYWaRcGYhR4AaABAg.A9ftOypaX4KA9h3ue3mm2z;1
UgxIe-HvrQVn0oPj9DB4AaABAg.A4fepPvLJmeA4hgwwu8ddi;1
UgyRIwJFlpE8iy2kjcp4AaABAg.A7hUn_gIFtsA7i1rD49hvX;0
UgzDQcWphi4P67Ven5x4AaABAg;1
UgxbgRtChVvTelCewex4AaABAg.A91D5V-r7xXA91nQVkcYJ2;1
UgwqLIRKGTltPPcVC0F4AaABAg.A9IdUK9QqGXA9M4lRtHELj;0
Ugzt7RjLCnf6etXZiAV4AaABAg.A7w9zYym4fHA7wbJVMRgCc;2
Ugxga5zmcP7beRhWqG14AaABAg.A91WaLWQJmiA91sXTTL1vm;0
UgyVC3WPA72hBabbp7B4AaABAg.A9Iyqd4UwvXA9JLKIG0v1W;1
Ugwk49vf0T387TcfjGB4AaABAg.A4fXgpKjtMmA4hVzIZCyAW;0
Ugyai5eqJ-8Kuz38Uvl4AaABAg.A91PGZ_Ne9FAAB5NWFsNKh;0
UgzN3CmgFTrBgIFHbUx4AaABAg.A9dNqL89wXdA9eQQSL5xsw;1
UgyS5KYqKiCv7zTIMXR4AaABAg.A9d8KEW8bhtA9eqX3Cy48U;0
Ugw2p7BtapDmfCiuSix4AaABAg.A9dQZ3CwLr4A9eqsizPLaD;0
UgxcPMGAF_YVUXybeMh4AaABAg.A6m0zxfOj_iA6r9GGR01eA;0
Ugx7YAkjmWhYcORUHQ14AaABAg.A4dUqf1MfyhA4dZ1V_Q0Fy;0
UgyWz392DX3PXvKkXox4AaABAg.A9HIb6p0OCEA9IKCu37cA-;0
UgyEeleDZsQ8WCc4t5B4AaABAg.A7wbQW-Xv4RA7zYPlG0dAn;0
Ugy-GIV50WKsERID7aB4AaABAg.A9Ibt2Q7RV7A9Iltqmyg6F;2
UgxiuZ33IDEaAkAEUih4AaABAg.A91ZqHkThCCA96ot26SO1g;2
UgybGMw4eT_ZDmkNA_p4AaABAg.A4t3H5_-QklA5DENqgr_EP;1
UgwpTLSlmgWmG2cOoxd4AaABAg.A7w3c7zkIpuA7waTP_qfk7;0
UgyRKvvqwKPgO48_j7d4AaABAg.A9eLyd7tMPfA9eX5g4_GLD;1
UgxSp3ZdQ8LRlTFz_pF4AaABAg.A9JIvB1frI7A9KlT4kkPj_;0
UgwW2Uzn3WB3aaCl8aZ4AaABAg.A916TUjbzJMA94R5TrGJCz;2
Ugya1V-wmoMR37myndF4AaABAg.A9IsVp3ilcvA9J47AAgdiI;1
UgyBbnWd-7_OUE4e32B4AaABAg.AA1V9ljsK16AAzFKoUrxvx;0
UgwpCYltwwU7gFxP4xt4AaABAg.A95qXM0ssbzA97zZdRHlkg;2
UgwBULF2l0GygV8XtK54AaABAg.A91IrqJVKoSA9TECac2geH;1
Ugzt7RjLCnf6etXZiAV4AaABAg.A7w9zYym4fHA7wvev9nJDr;2
Ugz9qK54l7CfpJlRe4Z4AaABAg.A5FgTHjlkIcA5NYyfue2Fk;1
Ugw3RzjYsq6OmnpiWr14AaABAg.AAMM-dUqZ7MACbpsorrrym;0
UgwkaAcpUhAUuF5yPJp4AaABAg.A7xgYpP5NM-A7xrtHvKCKD;0
UgzH3yR-JP6QXa-06PJ4AaABAg;0
UgzruekNGt8-OMeK_5Z4AaABAg.A4gCO12Xp1KA4h0ivnN2zq;0
Ugybz87qw7WVIblvKlZ4AaABAg.A9J8zvBY6hhA9JyWYmjA2I;1
Ugw3BhZs8ZydVQ-UO_54AaABAg.A91jyEPWdahA93RQsmH95M;1
UgwoBf6TzivR-YqWXY14AaABAg.A7Scc_TDEOaAC9Wq3QfLg9;0
UgyJVSHH8b-joRkZXih4AaABAg.A4dmVzS1mwCA4eAc8bcJFy;1
UgyfluKW3Ug3sy7JipJ4AaABAg.A4dWYlIOxqSA4fGUliTmJp;1
UgyS5KYqKiCv7zTIMXR4AaABAg.A9d8KEW8bhtA9dDYfazWGl;0
UgzoXr5BWvoa2hQf2b14AaABAg.A91KM_zXeEPA91SYD96Z_s;2
UgyMtksVMxd9fN2C-v14AaABAg.AAq0jUfog1XABqpUwF3DQh;0
UgwBPzCqNNc0CNWbzjp4AaABAg.A7NfnWUgGBvA7PtIbNCRRM;0
UgxTUj8IESEw0x2KYZB4AaABAg.A4f_deGNZ0rA4g1RIrsyzC;1
UgyfS6fkBg-XRuNJolZ4AaABAg.AA9ghY3zF-GAAnvVQfB-x_;0
UgyghvbEUmDGf9Ds8E54AaABAg.A7OAuwQ7IG-A7P-CUKaQVt;2
UgzMNVmd2YKotRIwxQ54AaABAg.A7bhBmTRaXeA7cfAgptPf9;2
Ugw-Plls7n1ZB5JpDw54AaABAg.A9ukrOYMOliAAK1Pb_MjaR;0
UgzYuQ006bCbEDDDUnF4AaABAg.A91GTIwxNhrA9YXEMQ5nNj;2
UgzUemXnwtyuaXdmEWR4AaABAg.A7ckk7e6NKvA7cyMLmfI3n;2
UgxYBFjAotD5crBXkjx4AaABAg.A7Okh-DGavCA7bZ9fWjTDf;1
Ugz2iblOlVkX5xlgboh4AaABAg.A9eLBNPSikZA9erZG3pK-L;0
UgxVZl8D2HG_UsFcvgZ4AaABAg.A4eLAGNkEDMA58ksaGf1Dg;2
Ugx5tCKdXoPFv7104Q94AaABAg.A7cJuCBLik0A7cUtLGut-H;1
Ugy_ck7YsQ4-UJZGVXV4AaABAg.A9LFSL5zYDuA9LNG59bnZA;2
UgwqLIRKGTltPPcVC0F4AaABAg.A9IdUK9QqGXA9Lu3mbVne0;0
UgyUt7cLXV_E_sqS1JV4AaABAg.A4vQGfPQRmuA4wA9D_VnHw;0
UgwW2Uzn3WB3aaCl8aZ4AaABAg.A916TUjbzJMA9_wGQ6Zy_H;0
UgywnyZpkbKZX9RivNR4AaABAg.A4g2tLsGOl3A4gjET8FhQM;0
Ugym_A7scNZWciZOVqB4AaABAg.A7wA-q7QgoiA7yLjUq9AH_;2
Ugxga5zmcP7beRhWqG14AaABAg.A91WaLWQJmiA9rS3BhG1mH;1
UgwqLIRKGTltPPcVC0F4AaABAg.A9IdUK9QqGXA9L558RVF4n;1
UgzN3CmgFTrBgIFHbUx4AaABAg.A9dNqL89wXdA9dZAozw6Ji;0
UgxF2w7Oi86uWofF25N4AaABAg.A9ItzxJ09tKA9JaDrn2Z72;0
Ugy-J1J2iHN7puar8F54AaABAg.A9Ig5ZXyMpJAAggQMmkeQI;2
UgyypSw2K-yz74xlGWp4AaABAg.A6lr4Tr-RsAA6oUc-GPSZJ;2
Ugx0TkEE3oebRB_M_VF4AaABAg.A9f3ga5VPE_A9fGdGRGd1x;2
Ugycbxi2A1_7L2NK_Hd4AaABAg.A9eL5rMh3lUA9eUVZgWMO0;0
Ugw2p7BtapDmfCiuSix4AaABAg.A9dQZ3CwLr4A9f7aTuYW__;1
Ugy3R-EfOSiZ2oG_N3x4AaABAg.A9KK5D2PBnAA9L5JDRVz2l;1
UgxJXe-xChjj3AOBR9x4AaABAg.A9IddpH0hTIA9JklvvCh3v;2
UgyZGkwqGgUDERzw53J4AaABAg.A91ybMG8MleA9N0SfJpKaZ;2
UgzcHxTRSLOM9cHRA0t4AaABAg.A9dPA6ktU55A9eXmFG2QTn;1
Ugz2iblOlVkX5xlgboh4AaABAg.A9eLBNPSikZAA3w5Jq4LGo;1
UgzplbMm1dr_xCDBXI14AaABAg.A7wXVa4fHtkA7wcEmVRyX_;0
UgxG5ASeiTAdFH5H0iV4AaABAg.A5CLBr0YhF1A5MLGJJ3nsm;1
Ugxga5zmcP7beRhWqG14AaABAg.A91WaLWQJmiA9HkX2nxskn;1
UgwpCYltwwU7gFxP4xt4AaABAg.A95qXM0ssbzA98PY5j7Qpq;1
Ugw4Tt2Js-RRRnOUTEN4AaABAg.A91VzmGx0syA91yiuaGCKL;0
UgyB1y7zR-lcZdBsu5p4AaABAg.A7xA1-mthZRA7xq4TTjidZ;1
Ugy-J1J2iHN7puar8F54AaABAg.A9Ig5ZXyMpJA9JEhyrxIv1;0
UgxiPwl3UjHyyAxrYid4AaABAg.A91UCai9fUJA92lvk8MwVf;1
UgzWGSQLHzt51PKxMY14AaABAg.A7Nk2vxu26IA7OhQmXTYmo;0
Ugzgos3RxDwQfYp3qqp4AaABAg.A7PF0cQz49VA7PHJigIjtF;2
Ugxn41rqLs23t8fyudR4AaABAg.A7bgexO2L-8A7bk-fBizDB;0
Ugw65pyPgcDrc2O0fMN4AaABAg.A7NyYLxDk4lA7StuNB53XY;0
UgwFGE5VqDWkuN2wdy54AaABAg.A7PYhIdOw0uA7QOZ0gP7s1;1
UgxQ8EC9N5psy19Avrp4AaABAg.A9Yh9eSKQRAA9dTMj-10hL;1
UgzNnTpBB4gABZZZVwF4AaABAg.A7Ut2A7bGUaA7eipHbEz3F;2
UgyX-di2OuppXMkjg3N4AaABAg.A9dQ0ecsiU-A9kaGMpkHhu;0
UgwQMmexm1xNGLb6-Nd4AaABAg.A9IfhOcRU7FA9Ofet_vzGJ;0
Ugz7VLJdJmLzUdG4LDh4AaABAg.A91c2aAFejtA95nbtqG1oP;1
UgxYGBi-6p_RkdywT4F4AaABAg.A7wFAxsyYPZA8e84d-7hLR;1
UgzW5b2R-NswH9RZkGF4AaABAg;0
UgyZeQtiQY2K7YeWwkV4AaABAg.A9J5E4s8NqeA9JrL8G6Nnb;0
UgzLg56pMTIrWPdeGL14AaABAg.A9NqtIHLHIAA9Pb5kzvAVR;0
UgzjMhd_oWhsttWUwMZ4AaABAg.A6lz-irIItyA6m6v8tmxtf;0
UgxTfNQ90N5TXA3FSvF4AaABAg.A9db_AZJdSlA9fUY24f7qp;1
UgxJXe-xChjj3AOBR9x4AaABAg.A9IddpH0hTIA9OQJakS1U4;0
Ugy5eFWmktTQ0HPpOIt4AaABAg.A919GOsQWwuAA-gWRr8wdx;2
UgxH8Dmw9iMbiMQvaQ94AaABAg.A7bb8JrfRMZA92ozllUbIh;1
UgzIf_F9hvEmggWAS7x4AaABAg.A7OWrTsrO-cA7XOnk7v00S;0
Ugzt7RjLCnf6etXZiAV4AaABAg.A7w9zYym4fHA7y0eaJBnrD;0
Ugz9tlIRNDTnAOo2v3V4AaABAg.A7bkjdao_MeA7bnovpbT7Z;0
UgxMnbYVecJ77NvU7zZ4AaABAg.A9If0R26JGMA9JM_9_CICt;0
UgxF2w7Oi86uWofF25N4AaABAg.A9ItzxJ09tKA9Kx_0PeTcl;2
UgxmF1MOc0d_CzTZU_B4AaABAg.A90tcHa-R8AA91KQ9DU5UL;1
UgwW2Uzn3WB3aaCl8aZ4AaABAg.A916TUjbzJMA93AeScwMrX;2
UgxLdsMsk5G3GuUzZT14AaABAg.A9IjG5Krhv8A9J6z3wWmTw;2
UgyypSw2K-yz74xlGWp4AaABAg.A6lr4Tr-RsAA6miSRN3SN_;2
Ugzt7RjLCnf6etXZiAV4AaABAg.A7w9zYym4fHA7w_91cy2LV;2
UgyX-di2OuppXMkjg3N4AaABAg.A9dQ0ecsiU-A9fHBHt2JtR;0
UgwpTLSlmgWmG2cOoxd4AaABAg.A7w3c7zkIpuA7wbQTWL67o;0
UgyvRT0seTQZdQWt7qB4AaABAg.A9dBJ8J8r7cA9fVpxvtAyb;0
UgzpqAHiqS6AY7y1ujR4AaABAg.A4e9ExK-4gvA4eSuPudN38;2
Ugw1st9VExVFRf0AjTp4AaABAg.A7b_DEhVjFmA7bdPLVpRUZ;1
UgxJXe-xChjj3AOBR9x4AaABAg.A9IddpH0hTIA9IjTkUTZwp;1
UgyfS6fkBg-XRuNJolZ4AaABAg.AA9ghY3zF-GAB6F_TEJ7fv;0
UgyX-di2OuppXMkjg3N4AaABAg.A9dQ0ecsiU-A9gF4lGvoaL;1
UgyfluKW3Ug3sy7JipJ4AaABAg.A4dWYlIOxqSA4duNBuPK0r;2
Ugy2yhSh_n01Bp0-kzp4AaABAg.A9J9wFaZ8JgA9NJE2uhYAn;2
Ugy1zrcNC0SNpbeTw6R4AaABAg;1
UgyNqKJ6kX_UOvOhptR4AaABAg.A91p8dFGOvpA93q3ooEfKw;2
Ugxm-tFYS7oHDIEYPUd4AaABAg.A9JQaM8YpnEA9JZ6NnVCqT;2
UgxaqPyK2l7Jnp0Cs3V4AaABAg.A9IRqPO-4k0A9J0eLM-pwZ;1
UgyS5KYqKiCv7zTIMXR4AaABAg.A9d8KEW8bhtA9ei144_XgR;1
Ugzzsj2cfX8Veesuv-Z4AaABAg.A90paim9V_yA90yaWy8pZn;1
UgwW2Uzn3WB3aaCl8aZ4AaABAg.A916TUjbzJMA92eUEInNkd;2
UgzYuQ006bCbEDDDUnF4AaABAg.A91GTIwxNhrA91PMZtElC5;0
UgxYGBi-6p_RkdywT4F4AaABAg.A7wFAxsyYPZA7wWZQXc9O3;1
Ugy3aSJ1FUKCDsfqhSh4AaABAg.AAgh_VkLQCLAAoFDGuEqhd;2
UgwNdbBcoaIfTRGp-Q54AaABAg.A91Da5Z-YjqA93YAOYlyBm;2
Ugy-J1J2iHN7puar8F54AaABAg.A9Ig5ZXyMpJA9NRrVM2Al_;1
UgzNIkxD_-_JnFB8qNV4AaABAg.A7c4uvE5rL7A7eTZiw2LGh;0
Ugy2puY3isgAiUI3rap4AaABAg.A6m4KBrd2PCA6u_r7PTbeT;2
